{"0": {"sim_step": 0, "state": [0.0, 0.0, 0.0, 0.0, 0.0, 0.0, 0.0, 0.0, 0.0, 0.0, 0.0, 0.0, 0.0, 0.0, 0.0, 0.0, 0.0, 0.0, 0.0], "action": 1, "reward": [0, -4.499999999999999], "next_state": [96, 16, 8, 9, 13, 11, 13, 69, 74, 92, 85, 91, 76, 61, 48, 46, 28, 10, 18], "done": false}, "1": {"sim_step": 600, "state": [96, 16, 8, 9, 13, 11, 13, 69, 74, 92, 85, 91, 76, 61, 48, 46, 28, 10, 18], "action": 1, "reward": [0, -386.50000000000534], "next_state": [139, 18, 9, 18, 22, 19, 20, 93, 123, 129, 111, 93, 112, 104, 99, 85, 108, 65, 193], "done": false}, "2": {"sim_step": 1200, "state": [139, 18, 9, 18, 22, 19, 20, 93, 123, 129, 111, 93, 112, 104, 99, 85, 108, 65, 193], "action": 0, "reward": [0, -887.4999999999707], "next_state": [204, 193, 183, 199, 150, 152, 149, 0, 0, 0, 0, 0, 0, 0, 0, 0, 0, 0, 426], "done": false}, "3": {"sim_step": 1800, "state": [204, 193, 183, 199, 150, 152, 149, 0, 0, 0, 0, 0, 0, 0, 0, 0, 0, 0, 426], "action": 1, "reward": [0, -552.5500000000073], "next_state": [167, 28, 19, 22, 29, 25, 22, 137, 138, 133, 172, 119, 130, 169, 122, 136, 151, 168, 86], "done": false}, "4": {"sim_step": 2400, "state": [167, 28, 19, 22, 29, 25, 22, 137, 138, 133, 172, 119, 130, 169, 122, 136, 151, 168, 86], "action": 0, "reward": [0, -1064.9499999999541], "next_state": [282, 217, 223, 268, 247, 245, 247, 0, 0, 0, 1, 0, 0, 0, 0, 0, 0, 0, 536], "done": false}, "5": {"sim_step": 3000, "state": [282, 217, 223, 268, 247, 245, 247, 0, 0, 0, 1, 0, 0, 0, 0, 0, 0, 0, 536], "action": 1, "reward": [0, -624.0999999999973], "next_state": [262, 35, 32, 23, 24, 47, 50, 205, 219, 142, 163, 212, 255, 255, 250, 257, 242, 220, 586], "done": false}, "6": {"sim_step": 3600, "state": [262, 35, 32, 23, 24, 47, 50, 205, 219, 142, 163, 212, 255, 255, 250, 257, 242, 220, 586], "action": 0, "reward": [-9, -719.399999999988], "next_state": [145, 254, 239, 220, 190, 152, 532, 1, 0, 0, 0, 0, 0, 0, 0, 0, 0, 421, 1728], "done": false}, "7": {"sim_step": 4200, "state": [145, 254, 239, 220, 190, 152, 532, 1, 0, 0, 0, 0, 0, 0, 0, 0, 0, 421, 1728], "action": 0, "reward": [-47, -746.0999999999857], "next_state": [206, 193, 158, 92, 55, 433, 683, 0, 0, 0, 0, 0, 0, 0, 0, 0, 0, 1, 1683], "done": false}, "8": {"sim_step": 4800, "state": [206, 193, 158, 92, 55, 433, 683, 0, 0, 0, 0, 0, 0, 0, 0, 0, 0, 1, 1683], "action": 0, "reward": [-37, -599.4000000000004], "next_state": [119, 123, 153, 185, 281, 711, 710, 0, 0, 0, 0, 0, 0, 0, 0, 0, 0, 0, 1524], "done": false}, "9": {"sim_step": 5400, "state": [119, 123, 153, 185, 281, 711, 710, 0, 0, 0, 0, 0, 0, 0, 0, 0, 0, 0, 1524], "action": 0, "reward": [-55, -481.1500000000125], "next_state": [151, 371, 300, 290, 300, 682, 719, 0, 0, 0, 0, 0, 0, 0, 0, 0, 0, 0, 1530], "done": false}, "10": {"sim_step": 6000, "state": [151, 371, 300, 290, 300, 682, 719, 0, 0, 0, 0, 0, 0, 0, 0, 0, 0, 0, 1530], "action": 0, "reward": [-69, -481.2000000000125], "next_state": [476, 375, 298, 293, 299, 702, 706, 0, 0, 0, 0, 0, 0, 0, 0, 0, 0, 0, 1524], "done": false}, "11": {"sim_step": 6600, "state": [476, 375, 298, 293, 299, 702, 706, 0, 0, 0, 0, 0, 0, 0, 0, 0, 0, 0, 1524], "action": 0, "reward": NaN, "next_state": NaN, "done": NaN}}